,Rank,player,club,age,Apps,Mins,Goals,Assists,Yel,Red,SpG,PS,AerialsWon,MotM,Rating,nationality
0,1,Hakim Ziyech,Ajax,25,34,3043,9,15,4,0,4.9,75.4,0.2,9,8.21,Morocco
2,2,Alireza Jahanbakhsh,AZ Alkmaar,24,33,2840,21,12,3,0,4.3,73.4,0.7,14,8.2,Iran
4,3,Hirving Lozano,PSV Eindhoven,22,29,2350,17,8,4,2,3.4,75.3,0.6,8,7.9,Mexico
6,11,Lasse Schone,Ajax,32,27(3),2350,10,3,6,0,1.9,87.0,1.9,2,7.45,Denmark
10,25,Santiago Arias,PSV Eindhoven,26,30,2664,3,6,5,0,1.5,82.3,1,2,7.25,Colombia
12,34,Karim El Ahmadi,Feyenoord,33,31,2780,2,4,2,0,1.3,89.6,0.6,1,7.19,Morocco
14,451,Karim El Ahmadi,Feyenoord,33,4,360,0,0,3,0,1,88.9,0.3,0,6.06,Morocco
16,117,Tyronne Ebuehi,ADO Den Haag,22,28,2375,0,2,1,1,0.2,79.2,1.3,1,6.83,Nigeria
18,146,Sofyan Amrabat,Feyenoord,21,11(10),1190,1,2,4,0,0.8,86.1,1.2,0,6.73,Morocco
20,299,Sofyan Amrabat,Feyenoord,21,6,528,1,0,1,0,0.3,84.4,1.2,0,6.59,Morocco
22,160,Kasper Dolberg,Ajax,20,11(12),1143,6,0,0,0,2,78.1,0.5,0,6.69,Denmark
24,205,Reza Ghoochannejhad,SC Heerenveen,30,30(5),2509,9,1,3,0,1.8,69.8,1,0,6.48,Iran
26,4,Aleksandar Mitrovic,Fulham,23,18(2),1653,12,1,3,0,4.1,77.1,4.1,6,7.52,Serbia
27,15,Massimo Luongo,Queens Park Rangers,25,38(1),3389,6,3,10,0,1.7,71.6,2.6,4,7.32,Australia
29,45,Pontus Jansson,Leeds,27,41(1),3560,3,0,13,0,0.6,83.2,3.9,3,7.12,Sweden
31,55,Romain Saiss,Wolverhampton Wanderers,28,37(5),3398,4,0,11,0,1,83.8,1.7,3,7.09,Morocco
33,57,Mile Jedinak,Aston Villa,33,20(8),1767,2,0,3,0,0.6,75.2,4.5,0,7.08,Australia
35,73,Bryan Oviedo,Sunderland,28,31(3),2605,2,4,9,0,0.7,73.1,0.7,3,7.03,Costa Rica
37,76,Aron Gunnarsson,Cardiff,29,17(3),1500,1,1,3,0,0.8,65.4,1.3,1,7.02,Iceland
39,89,Jackson Irvine,Hull,25,27(7),2460,2,6,6,0,0.7,68.2,4.8,0,6.98,Australia
41,90,Henrik Dalsgaard,Brentford,28,29,2541,1,3,4,0,0.7,72.0,3.1,2,6.98,Denmark
43,100,Jonas Knudsen,Ipswich,25,42,3780,1,7,10,0,0.6,66.5,3.1,2,6.96,Denmark
45,158,James Meredith,Millwall,30,46,4009,0,0,3,0,0.1,63.0,2,0,6.84,Australia
47,187,Bartosz Bialkowski,Ipswich,30,45,4050,0,0,0,0,-,42.9,0.5,1,6.79,Poland
49,232,Sebastian Larsson,Hull,33,37(3),3246,2,4,13,0,0.9,79.3,0.5,0,6.7,Sweden
51,295,Birkir Bjarnason,Aston Villa,30,11(14),1100,3,2,1,0,1,82.8,1.1,0,6.61,Iceland
53,311,Jon Dadi Bodvarsson,Reading,26,20(13),1766,7,1,2,0,1.5,61.9,2.8,3,6.55,Iceland
55,2,Bruno Fernandes,Sporting CP,23,6,567,3,3,1,0,4,79.9,0.3,1,8.0,Portugal
56,7,Bruno Fernandes,Sporting CP,23,32(1),2806,11,8,6,0,2.8,75.0,0.7,6,7.55,Portugal
57,101,Bruno Fernandes,Sporting CP,23,6,537,1,1,2,0,3.3,79.4,0.3,1,7.07,Portugal
59,5,Antoine Griezmann,Atletico Madrid,27,7(1),631,6,2,0,0,3.6,78.8,0.5,3,7.91,France
60,13,Antoine Griezmann,Atletico Madrid,27,30(2),2530,19,9,7,1,2.3,77.6,0.8,8,7.38,France
62,140,Antoine Griezmann,Atletico Madrid,27,6,529,2,2,1,0,3,84.1,0.5,1,6.98,France
64,8,Nabil Fekir,Lyon,24,8,660,3,1,2,0,2.5,85.9,0.3,3,7.73,France
65,3,Nabil Fekir,Lyon,24,28(2),2481,18,8,8,0,3,85.3,0.7,12,7.86,France
66,12,Mesut Ozil,Arsenal,29,7,609,1,4,0,0,1,86.4,-,1,7.7,Germany
68,23,Mesut Ozil,Arsenal,29,24(2),2164,4,8,4,0,1.5,86.5,-,2,7.25,Germany
70,18,Remo Freuler,Atalanta,26,8,720,1,1,1,0,1,87.8,1.3,0,7.58,Switzerland
72,44,Remo Freuler,Atalanta,26,33(2),3006,5,3,4,1,1.3,88.1,0.8,3,7.08,Switzerland
74,25,Manuel Fernandes,Lokomotiv Moscow,32,10,900,6,0,1,0,2.7,84.7,1.4,2,7.52,Portugal
76,17,Manuel Fernandes,Lokomotiv Moscow,32,27(2),2476,7,4,4,0,2.3,81.9,0.6,3,7.16,Portugal
78,28,Saman Ghoddos,Oestersunds FK,24,8,720,2,3,0,0,2.9,79.8,0.6,2,7.5,Iran
80,30,Timo Werner,RasenBallsport Leipzig,22,5,445,4,2,0,0,3.8,79.0,-,1,7.48,Germany
82,94,Timo Werner,RasenBallsport Leipzig,22,28(4),2493,13,7,1,0,3,75.2,0.5,2,6.9,Germany
84,208,Timo Werner,RasenBallsport Leipzig,22,4(2),331,3,0,0,0,2,65.8,0.2,0,6.79,Germany
86,31,Granit Xhaka,Arsenal,25,5(1),495,1,0,1,0,1.2,91.2,1.5,0,7.47,Switzerland
88,62,Granit Xhaka,Arsenal,25,37(1),3266,1,7,10,0,1.7,86.9,1.3,0,7.02,Switzerland
90,34,Adnan Januzaj,Real Sociedad,23,3(3),368,1,1,0,0,3.3,82.4,0.5,1,7.46,Belgium
92,103,Adnan Januzaj,Real Sociedad,23,18(10),1580,3,5,4,0,2.1,80.5,0.2,4,6.86,Belgium
94,36,Lucas Biglia,AC Milan,32,5,450,0,0,0,0,0.6,89.9,1.6,0,7.43,Argentina
96,95,Lucas Biglia,AC Milan,32,24(4),2043,1,1,5,0,0.8,91.0,0.8,1,6.88,Argentina
98,38,Aleksandr Golovin,CSKA Moscow,22,5,450,2,0,2,0,2.8,83.1,0.8,0,7.43,Russia
100,9,Aleksandr Golovin,CSKA Moscow,22,26(1),2283,5,3,8,0,2.1,82.4,0.3,2,7.25,Russia
101,216,Aleksandr Golovin,CSKA Moscow,22,6,537,0,1,2,0,1.3,84.7,0.5,0,6.78,Russia
103,39,Danny Welbeck,Arsenal,27,9(1),762,3,0,0,0,2.1,84.8,1.6,1,7.42,England
105,250,Danny Welbeck,Arsenal,27,12(16),1185,5,2,1,0,1.1,79.8,0.9,2,6.52,England
107,40,Branislav Ivanovic,Zenit St. Petersburg,34,7,615,3,2,0,0,0.7,81.8,1.6,1,7.42,Serbia
109,33,Branislav Ivanovic,Zenit St. Petersburg,34,27,2358,2,1,1,0,0.9,82.2,2.2,2,7.06,Serbia
111,68,William Carvalho,Sporting CP,26,3(1),256,0,0,2,0,0.3,91.1,2.3,0,7.3,Portugal
113,21,William Carvalho,Sporting CP,26,24,2132,1,1,3,0,0.9,88.2,1.5,1,7.25,Portugal
115,311,William Carvalho,Sporting CP,26,5,450,0,0,1,0,0.4,87.8,1,0,6.56,Portugal
117,70,Diego Costa,Atletico Madrid,29,5,387,2,1,1,0,2.4,66.7,2.6,1,7.29,Spain
119,77,Hiroki Sakai,Marseille,28,8(2),765,1,1,1,0,0.4,79.4,2,0,7.26,Japan
121,104,Hiroki Sakai,Marseille,28,30(3),2523,0,3,1,0,0.1,82.2,1.8,1,6.89,Japan
123,79,Koke,Atletico Madrid,26,9,754,2,3,1,0,1.1,84.5,0.3,0,7.26,Spain
125,41,Koke,Atletico Madrid,26,33(2),2764,4,4,3,0,0.8,85.2,0.5,1,7.08,Spain
127,269,Koke,Atletico Madrid,26,4,333,0,0,0,0,1.5,84.7,0.3,0,6.66,Spain
129,82,Mario Gavranovic,Rijeka,28,4,311,3,0,2,0,1,61.7,1,1,7.24,Switzerland
131,93,Olivier Giroud,Arsenal,31,6,540,3,0,0,0,4.2,64.7,2.3,0,7.21,France
133,110,Marcelo,Lyon,31,10,900,1,0,2,0,0.2,85.0,3.9,0,7.19,Brazil
135,44,Marcelo,Real Madrid,30,26(2),2262,2,6,3,1,1.2,84.6,0.3,1,7.07,Brazil
137,25,Marcelo,Lyon,31,35,3107,3,1,5,1,0.6,87.6,4,1,7.18,Brazil
139,69,Marcelo,Rio Ave,28,30,2621,0,0,10,1,0.3,82.3,2,1,6.88,Brazil
141,46,Marcelo,Real Madrid,30,11,958,3,4,1,0,0.9,82.5,0.5,0,7.29,Brazil
143,111,Diego Godin,Atletico Madrid,32,8,720,0,0,0,0,0.6,85.1,2.5,0,7.19,Uruguay
145,43,Diego Godin,Atletico Madrid,32,28(2),2554,0,0,6,0,0.4,85.8,1.9,0,7.07,Uruguay
147,79,Diego Godin,Atletico Madrid,32,4,360,0,0,0,0,1,87.4,3,0,7.11,Uruguay
149,113,Alvaro Odriozola,Real Sociedad,22,6,540,1,0,0,0,0.2,91.7,0.2,0,7.18,Spain
151,244,Alvaro Odriozola,Real Sociedad,22,32(3),2918,0,4,2,1,0.2,88.5,0.1,0,6.53,Spain
153,120,Gelson Martins,Sporting CP,23,5,475,1,0,0,0,1.8,86.9,0.8,0,7.16,Portugal
155,13,Gelson Martins,Sporting CP,23,30(1),2688,8,8,3,1,1.5,83.3,0.3,4,7.4,Portugal
157,223,Gelson Martins,Sporting CP,23,5(1),463,1,1,2,0,1.2,84.0,-,0,6.77,Portugal
159,126,Sergej Milinkovic-Savic,Lazio,23,5(3),525,2,3,3,0,1.6,74.1,2.4,1,7.15,Serbia
161,12,Sergej Milinkovic-Savic,Lazio,23,33(2),2850,12,3,8,0,2.6,79.9,2.9,7,7.39,Serbia
163,138,Danilo,Braga,22,6,509,0,0,1,0,1,76.8,1.3,0,7.11,Brazil
165,91,Danilo,Manchester City,26,13(10),1342,3,2,2,0,0.8,89.9,0.7,2,6.91,Brazil
167,55,Danilo,Braga,22,15(16),1537,4,3,6,0,1.2,81.8,1.1,2,6.98,Brazil
169,227,Danilo,Manchester City,26,4(2),368,0,0,2,0,0.5,91.1,-,0,6.76,Brazil
171,165,Danilo,Udinese,34,32,2778,1,0,8,0,0.5,78.9,2.3,2,6.72,Brazil
173,151,Ricardo Rodriguez,AC Milan,25,6(1),545,2,2,0,0,0.7,89.3,2,1,7.08,Switzerland
175,173,Ricardo Rodriguez,AC Milan,25,34,3006,1,0,3,1,0.9,87.6,1,0,6.7,Switzerland
177,156,Lucas Hernandez,Atletico Madrid,22,7(1),614,0,1,1,0,0.4,81.8,1.9,0,7.06,France
179,17,Lucas Hernandez,Atletico Madrid,22,24(3),2117,0,1,6,1,0.3,82.9,1.6,1,7.24,France
181,163,Daler Kuzyaev,Zenit St. Petersburg,25,6(1),540,1,1,2,0,0.4,83.7,0.7,0,7.05,Russia
183,30,Daler Kuzyaev,Zenit St. Petersburg,25,22(4),1997,6,2,3,0,1,84.2,0.5,1,7.08,Russia
185,166,Andre Silva,AC Milan,22,8(2),721,6,0,1,0,2.1,78.7,0.8,2,7.05,Portugal
187,270,Andre Silva,AC Milan,22,7(17),922,2,0,0,0,1.5,77.0,1,0,6.35,Portugal
189,170,Sebastian Coates,Sporting CP,27,4,360,0,0,2,0,1.5,82.4,4.3,0,7.04,Uruguay
191,40,Sebastian Coates,Sporting CP,27,34,3060,2,1,4,0,0.9,83.5,2.5,1,7.1,Uruguay
193,92,Sebastian Coates,Sporting CP,27,5,450,0,1,3,0,0.4,80.3,2,0,7.09,Uruguay
195,172,Andrey Lunev,Zenit St. Petersburg,26,8,720,0,0,0,0,-,67.7,0.4,0,7.04,Russia
197,119,Andrey Lunev,Zenit St. Petersburg,26,20,1743,0,0,1,0,-,70.0,0.5,0,6.73,Russia
199,175,Domagoj Vida,Dynamo Kyiv,29,4,350,0,0,0,0,1.3,80.0,3,0,7.03,Croatia
201,180,Jefferson Farfan,Lokomotiv Moscow,33,8(1),583,4,1,0,0,2.1,83.0,1.2,0,7.02,Peru
203,7,Jefferson Farfan,Lokomotiv Moscow,33,22,1953,10,4,3,0,2.3,82.4,1.4,2,7.26,Peru
204,181,Jacek Goralski,Ludogorets Razgrad,25,6(1),485,0,0,1,0,0.3,86.6,0.1,1,7.01,Poland
206,183,Florian Thauvin,Marseille,25,9(3),761,3,2,2,0,1.7,74.7,0.6,0,7.01,France
208,2,Florian Thauvin,Marseille,25,35,2966,22,11,7,0,3.7,78.2,0.4,13,7.94,France
209,187,Bryan Ruiz,Sporting CP,32,6,488,0,1,1,0,1.7,84.4,0.3,0,7.01,Costa Rica
211,126,Bryan Ruiz,Sporting CP,32,11(9),1015,2,1,2,0,0.8,82.1,0.8,1,6.73,Costa Rica
213,195,Mohamed Elneny,Arsenal,25,9(3),838,1,2,0,0,0.8,93.5,0.3,1,7.01,Egypt
215,197,Adil Rami,Marseille,32,13(1),1262,1,0,3,0,0.4,83.0,3.1,0,7.0,France
217,75,Adil Rami,Marseille,32,33,2957,1,2,5,0,0.5,86.6,2.9,0,6.97,France
219,201,Milan Rodic,FK Crvena Zvezda,27,6,530,0,1,1,1,0.8,73.2,3.2,1,7.0,Serbia
221,216,Marcos Acuna,Sporting CP,26,4(2),404,0,0,0,0,2,72.2,0.7,1,6.97,Argentina
223,28,Marcos Acuna,Sporting CP,26,27(4),2296,4,5,7,0,1.5,76.5,0.6,3,7.19,Argentina
225,235,Marcos Acuna,Sporting CP,26,5,433,0,1,2,0,-,71.3,0.8,0,6.74,Argentina
227,218,Nacho Monreal,Arsenal,32,7,613,1,0,2,0,0.9,87.3,1.6,0,6.97,Spain
229,35,Nacho Monreal,Arsenal,32,26(2),2244,5,2,3,0,0.8,89.5,2.2,2,7.13,Spain
231,235,Cristian Zapata,AC Milan,31,4,360,0,0,0,0,0.5,89.1,2.5,0,6.94,Colombia
233,240,David Ospina,Arsenal,29,10,900,0,0,0,0,-,74.0,0.1,1,6.94,Colombia
235,249,Michy Batshuayi,Borussia Dortmund,24,4,331,2,0,1,0,2.8,73.8,1.3,0,6.93,Belgium
237,191,Michy Batshuayi,Chelsea,24,1(3),123,2,0,0,0,1.3,82.9,0.5,0,6.82,Belgium
239,257,Sergei Ignashevich,CSKA Moscow,38,5,450,0,0,0,0,0.4,79.1,2.8,0,6.92,Russia
241,25,Sergei Ignashevich,CSKA Moscow,38,23(2),2073,1,1,0,0,0.5,82.8,2.4,3,7.11,Russia
243,248,Sergei Ignashevich,CSKA Moscow,38,4,316,0,0,0,0,-,75.5,2,0,6.7,Russia
245,270,Robin Olsen,FC Copenhagen,28,6,540,0,0,0,0,-,62.9,-,0,6.9,Sweden
247,277,Emil Forsberg,RasenBallsport Leipzig,26,3(3),326,0,2,0,0,0.8,78.9,0.2,1,6.89,Sweden
249,110,Emil Forsberg,RasenBallsport Leipzig,26,15(6),1374,2,2,0,1,1.7,79.7,0.3,1,6.84,Sweden
251,80,Emil Forsberg,RasenBallsport Leipzig,26,5,412,2,0,0,0,2.4,79.9,0.6,0,7.11,Sweden
253,294,Igor Akinfeev,CSKA Moscow,32,6,540,0,0,1,0,-,58.2,0.2,0,6.86,Russia
255,102,Igor Akinfeev,CSKA Moscow,32,28,2520,0,0,1,0,-,54.9,0.1,0,6.78,Russia
257,139,Igor Akinfeev,CSKA Moscow,32,6,540,0,0,0,0,-,43.0,0.5,0,6.98,Russia
259,297,Duje Caleta-Car,Salzburg,21,13,1200,0,2,5,0,0.5,82.6,3.1,0,6.86,Croatia
261,307,Nemanja Radonjic,FK Crvena Zvezda,22,6,490,1,0,0,0,2.5,65.3,0.3,0,6.84,Serbia
263,317,Alex Iwobi,Arsenal,22,3(3),335,0,1,0,0,1.3,87.3,0.2,0,6.83,Nigeria
265,103,Alex Iwobi,Arsenal,22,22(4),1844,3,5,1,0,1.7,86.6,0.1,0,6.88,Nigeria
267,325,Anthony Lopes,Lyon,27,10,900,0,0,0,0,-,65.5,0.1,0,6.81,Portugal
269,93,Anthony Lopes,Lyon,27,34,3060,0,0,1,0,-,75.8,0.2,1,6.92,Portugal
271,362,Josip Pivaric,Dynamo Kyiv,29,8,720,0,0,1,0,0.6,74.9,1.8,0,6.75,Croatia
273,364,Paolo Hurtado,Vitoria de Guimaraes,27,5,386,2,1,2,0,0.8,80.7,0.6,0,6.75,Peru
275,83,Paolo Hurtado,Vitoria de Guimaraes,27,21(4),1762,11,5,5,0,1.8,78.6,0.8,2,6.84,Peru
277,366,Vladimir Stojkovic,Partizan Belgrade,34,8,720,0,0,0,0,-,44.4,0.9,0,6.75,Serbia
279,385,Gylfi Sigurdsson,Everton,28,3(1),303,0,2,1,0,1.5,80.0,1,0,6.72,Iceland
281,102,Gylfi Sigurdsson,Everton,28,25(2),2262,4,3,2,0,1.4,74.9,0.7,1,6.88,Iceland
283,393,Yuya Osako,FC Cologne,28,3(3),357,2,1,0,0,1.7,78.3,1.2,1,6.71,Japan
285,237,Yuya Osako,FC Cologne,28,23(2),1906,4,2,2,1,1.4,72.9,1.4,1,6.51,Japan
287,400,John Ogu,Hapoel Beer Sheva,30,4,256,0,0,0,0,1,84.2,0.5,0,6.71,Nigeria
289,405,Maciej Rybus,Lokomotiv Moscow,28,5(1),495,1,0,1,0,0.5,83.1,0.8,0,6.7,Poland
291,131,Maciej Rybus,Lokomotiv Moscow,28,16(4),1492,0,0,4,0,0.5,82.5,1,0,6.7,Poland
293,453,William Kvist,FC Copenhagen,33,6(1),500,0,0,1,0,0.7,84.8,1.6,0,6.65,Denmark
295,459,Rui Patricio,Sporting CP,30,6,570,0,0,0,0,-,72.1,-,0,6.65,Portugal
297,118,Rui Patricio,Sporting CP,30,34,3060,0,0,4,0,-,70.7,0.2,1,6.76,Portugal
299,289,Rui Patricio,Sporting CP,30,6,540,0,0,0,0,-,57.7,-,0,6.61,Portugal
301,460,Yuri Zhirkov,Zenit St. Petersburg,34,2(2),216,0,0,0,0,-,80.8,0.5,0,6.65,Russia
303,154,Yuri Zhirkov,Zenit St. Petersburg,34,10(7),964,1,0,2,0,0.7,74.0,0.9,0,6.62,Russia
305,484,Andreas Cornelius,Atalanta,25,0(4),25,2,0,0,0,1.3,66.7,0.8,0,6.62,Denmark
307,232,Andreas Cornelius,Atalanta,25,8(15),928,3,1,0,0,1.4,67.4,2.4,1,6.52,Denmark
309,493,Alan Dzagoev,CSKA Moscow,27,6,454,1,1,1,0,2.7,80.8,0.5,0,6.61,Russia
311,96,Alan Dzagoev,CSKA Moscow,27,20(1),1624,3,6,3,0,2,78.5,0.3,1,6.8,Russia
313,263,Alan Dzagoev,CSKA Moscow,27,4(1),368,1,0,1,0,2,71.7,0.6,0,6.67,Russia
315,501,Carlos Bacca,Villarreal,31,6,484,2,1,0,0,2.7,75.5,0.7,0,6.6,Colombia
317,70,Carlos Bacca,Villarreal,31,30(5),2512,15,6,9,0,2.1,73.8,0.7,3,6.95,Colombia
319,504,Yussuf Poulsen,RasenBallsport Leipzig,23,2(3),215,0,1,1,0,0.6,59.1,5.8,0,6.59,Denmark
321,187,Yussuf Poulsen,RasenBallsport Leipzig,23,18(12),1662,4,2,1,0,1.3,62.9,3.3,0,6.68,Denmark
323,315,Yussuf Poulsen,RasenBallsport Leipzig,23,2(2),200,0,1,1,0,0.5,68.8,4,0,6.55,Denmark
325,507,Bassem Srarfi,Nice,20,1(3),97,0,1,1,0,0.5,88.1,-,0,6.59,Tunisia
327,275,Bassem Srarfi,Nice,20,10(16),865,3,0,1,0,0.9,84.3,0.2,0,6.41,Tunisia
329,534,Paulinho,Braga,25,6(1),521,0,1,2,0,1.3,67.0,1.4,0,6.56,Brazil
331,99,Paulinho,Barcelona,29,21(13),1941,9,2,2,0,1.3,87.8,0.9,0,6.87,Brazil
333,36,Paulinho,Portimonense,23,18(1),1570,2,5,3,0,1.8,81.9,0.1,1,7.15,Brazil
335,42,Paulinho,Braga,25,22(8),2123,13,3,2,0,2.3,68.1,1.5,4,7.09,Brazil
337,162,Paulinho,Chaves,26,33,2960,0,3,7,0,0.6,81.1,0.6,0,6.63,Brazil
339,332,Paulinho,Barcelona,29,4(5),402,0,0,1,0,1.3,92.2,0.7,0,6.5,Brazil
341,538,Filip Bradaric,Rijeka,26,5,450,0,1,2,0,0.8,83.5,0.2,0,6.56,Croatia
343,561,Anton Miranchuk,Lokomotiv Moscow,22,8(2),690,1,1,1,0,1.1,80.5,0.4,0,6.53,Russia
345,108,Anton Miranchuk,Lokomotiv Moscow,22,22(7),1980,4,5,2,0,1.4,79.0,0.7,2,6.76,Russia
347,585,Steven Zuber,Hoffenheim,26,3(1),233,0,0,0,0,1,82.3,0.3,0,6.49,Switzerland
349,173,Steven Zuber,Hoffenheim,26,17(3),1441,1,2,2,0,0.8,83.4,0.3,0,6.7,Switzerland
351,586,Denis Cheryshev,Villarreal,27,1(4),192,1,1,1,0,0.6,79.7,-,0,6.49,Russia
353,238,Denis Cheryshev,Villarreal,27,9(15),922,2,1,2,0,1.2,71.7,0.5,0,6.55,Russia
355,645,Ahmed Musa,CSKA Moscow,25,6,513,1,0,2,0,2.5,66.7,-,0,6.38,Nigeria
357,653,Andrej Kramaric,Hoffenheim,26,4,360,0,0,2,0,3.3,78.2,0.3,0,6.37,Croatia
359,45,Andrej Kramaric,Hoffenheim,26,22(12),2222,13,6,1,0,2.4,80.0,0.2,2,7.02,Croatia
361,655,Nikola Kalinic,AC Milan,30,1(5),184,0,1,0,0,0.7,85.1,0.2,0,6.36,Croatia
363,197,Nikola Kalinic,AC Milan,30,20(11),1813,6,3,3,0,1.6,80.1,1.5,1,6.63,Croatia
365,675,Predrag Rajkovic,Maccabi Tel Aviv,22,6,540,0,0,0,0,-,64.0,0.3,1,6.33,Serbia
367,684,Igor Smolnikov,Zenit St. Petersburg,29,4(1),330,0,0,2,0,0.2,76.6,0.8,0,6.31,Russia
369,34,Igor Smolnikov,Zenit St. Petersburg,29,20(2),1853,0,0,4,1,0.7,82.5,1.1,1,7.06,Russia
371,708,Steve Mandanda,Marseille,33,7,630,0,0,0,0,-,60.3,-,0,6.26,France
373,205,Steve Mandanda,Marseille,33,31,2682,0,0,0,1,-,66.4,0.3,3,6.66,France
375,742,Marco Reus,Borussia Dortmund,29,3(1),229,0,0,0,0,0.8,79.1,0.3,0,6.13,Germany
377,743,Sime Vrsaljko,Atletico Madrid,26,2(2),146,0,0,1,1,-,63.8,1,0,6.13,Croatia
379,39,Sime Vrsaljko,Atletico Madrid,26,19(2),1697,0,4,7,0,0.2,74.8,2.1,0,7.09,Croatia
381,1,Lionel Messi,Barcelona,30,32(4),2997,34,12,3,0,5.5,81.2,0.2,22,8.68,Argentina
382,6,Lionel Messi,Barcelona,30,8(2),783,6,2,2,0,4.4,81.5,0.2,6,8.03,Argentina
383,2,Cristiano Ronaldo,Real Madrid,33,27,2293,26,5,1,0,6.6,81.6,1.3,7,7.94,Portugal
384,4,Cristiano Ronaldo,Real Madrid,33,13,1170,15,3,2,0,6.3,81.4,1.7,4,8.12,Portugal
385,3,Luis Suarez,Barcelona,31,32(1),2902,25,12,9,0,3.7,76.9,0.4,5,7.72,Uruguay
386,203,Luis Suarez,Barcelona,31,10,884,1,3,2,0,3.2,72.6,0.5,0,6.8,Uruguay
388,5,Casemiro,Real Madrid,26,30,2601,5,3,8,0,1.1,88.4,2.1,1,7.49,Brazil
389,34,Casemiro,Real Madrid,26,11(1),945,1,0,2,0,0.6,91.3,0.8,2,7.36,Brazil
391,7,Iago Aspas,Celta Vigo,30,33(1),2938,22,5,9,0,2.8,78.8,0.5,11,7.49,Spain
392,8,Toni Kroos,Real Madrid,28,26(1),2268,5,7,4,0,1.5,93.1,0.4,0,7.47,Germany
393,123,Toni Kroos,Real Madrid,28,10(2),953,0,1,0,0,0.7,93.9,0.2,0,7.01,Germany
395,9,Filipe Luis,Atletico Madrid,32,19(1),1660,1,2,4,0,0.3,83.4,0.9,2,7.45,Brazil
396,37,Filipe Luis,Atletico Madrid,32,6,540,0,0,1,0,1,85.7,1,0,7.34,Brazil
398,15,Luka Modric,Real Madrid,32,23(3),1976,1,6,3,0,1.3,89.9,0.3,0,7.29,Croatia
400,121,Luka Modric,Real Madrid,32,11,958,1,1,2,0,0.8,89.9,0.2,0,7.02,Croatia
402,16,Sergio Busquets,Barcelona,29,30(1),2600,1,4,8,0,0.2,90.5,1.6,0,7.25,Spain
404,122,Sergio Busquets,Barcelona,29,9(1),768,0,0,1,0,0.2,93.0,1.2,0,7.01,Spain
406,18,Jordi Alba,Barcelona,29,30(3),2745,2,8,8,0,0.5,86.8,0.5,2,7.22,Spain
408,217,Jordi Alba,Barcelona,29,7(1),638,0,0,0,0,0.1,87.9,0.3,0,6.78,Spain
410,25,Gerard Pique,Barcelona,31,29(1),2633,2,0,9,0,0.6,89.4,2.2,0,7.16,Spain
412,166,Gerard Pique,Barcelona,31,9,736,1,0,2,1,0.3,90.2,2,0,6.9,Spain
414,26,Isco,Real Madrid,26,21(9),1781,7,7,1,0,1.6,88.8,0.2,3,7.16,Spain
416,148,Isco,Real Madrid,26,10(1),736,0,2,1,0,2,91.5,0.3,0,6.96,Spain
418,27,Goncalo Guedes,Valencia,21,27(6),2444,5,9,2,0,1.8,79.3,0.3,3,7.16,Portugal
420,34,Ivan Rakitic,Barcelona,30,31(4),2839,1,5,4,0,0.8,90.3,0.7,0,7.12,Croatia
422,151,Ivan Rakitic,Barcelona,30,8(2),758,1,0,1,0,0.5,91.0,0.5,1,6.95,Croatia
424,40,Sergio Ramos,Real Madrid,32,26,2292,4,1,7,2,1.1,90.3,3.3,1,7.09,Spain
426,86,Sergio Ramos,Real Madrid,32,11,990,1,0,3,0,1.5,92.3,2.5,0,7.1,Spain
428,42,Ever Banega,Sevilla,29,25(6),2397,3,3,9,1,1.2,86.8,0.4,0,7.08,Argentina
430,15,Ever Banega,Sevilla,29,9,792,1,2,4,0,1.2,87.6,0.3,2,7.72,Argentina
432,49,Samuel Umtiti,Barcelona,24,24(1),2189,1,0,7,0,0.4,91.2,1.9,0,7.03,France
434,129,Samuel Umtiti,Barcelona,24,9,810,0,0,0,0,0.1,91.0,1.6,0,7.01,France
436,50,Cristhian Stuani,Girona,31,32(1),2723,21,0,8,0,2.2,66.7,3.6,3,7.03,Uruguay
438,62,Jefferson Lerma,Levante,23,25(1),2138,0,1,16,0,1,81.7,3.4,0,6.99,Colombia
440,69,Pione Sisto,Celta Vigo,23,31(3),2535,5,9,2,0,1.5,84.2,-,0,6.96,Denmark
442,75,Keylor Navas,Real Madrid,31,27,2430,0,0,1,0,-,76.0,0.1,1,6.94,Costa Rica
444,178,Keylor Navas,Real Madrid,31,11,990,0,0,0,0,-,65.2,0.4,1,6.86,Costa Rica
446,83,Andres Guardado,Real Betis,31,25(4),2267,2,8,7,0,1.1,86.5,0.6,2,6.91,Mexico
448,84,Lucas Vazquez,Real Madrid,26,16(17),1670,4,7,3,0,1,86.7,0.2,0,6.91,Spain
450,97,Lucas Vazquez,Real Madrid,26,5(5),545,1,2,1,0,0.6,86.9,0.1,1,7.08,Spain
452,87,Andres Iniesta,Barcelona,34,25(5),1843,1,2,1,0,0.5,88.2,0.1,0,6.91,Spain
454,73,Andres Iniesta,Barcelona,34,8,624,0,2,0,0,1,90.2,-,0,7.15,Spain
456,89,Marc-Andre ter Stegen,Barcelona,26,37,3330,0,0,0,0,-,79.5,0.1,0,6.9,Germany
458,225,Marc-Andre ter Stegen,Barcelona,26,9,810,0,0,0,0,-,74.5,0.2,0,6.76,Germany
460,90,Nacho,Real Madrid,28,22(5),2073,3,0,7,0,0.3,90.8,1.4,0,6.9,Spain
462,72,Nacho,Real Madrid,28,6(2),595,1,0,1,0,0.6,91.1,1.3,0,7.17,Spain
464,95,Steven N'Zonzi,Sevilla,29,26(1),2216,1,2,2,0,0.8,88.0,3.8,1,6.89,France
466,133,Steven N'Zonzi,Sevilla,29,8,676,0,0,2,0,0.9,92.4,3.1,0,7.0,France
468,96,Celso Borges,Deportivo La Coruna,30,26(6),2307,3,3,3,1,1,78.1,3.7,1,6.89,Costa Rica
470,109,Raphael Varane,Real Madrid,25,27,2324,0,1,3,0,0.4,90.8,1.9,1,6.85,France
472,99,Raphael Varane,Real Madrid,25,11,938,0,0,1,0,0.6,90.0,2.5,0,7.07,France
474,111,Faycal Fajr,Getafe,29,26(5),2384,1,4,7,0,0.7,75.0,0.8,1,6.84,Morocco
476,123,Simon Kjaer,Sevilla,29,18(2),1572,2,0,3,0,0.5,84.4,2.2,0,6.82,Denmark
478,182,Simon Kjaer,Sevilla,29,6,540,1,0,0,0,0.7,83.8,1.5,0,6.86,Denmark
480,129,Gabriel Mercado,Sevilla,31,25(1),2124,0,1,9,0,0.7,83.1,1.6,1,6.8,Argentina
482,333,Gabriel Mercado,Sevilla,31,8,692,0,0,3,0,0.3,79.0,1,0,6.49,Argentina
484,135,Kepa Arrizabalaga,Athletic Bilbao,23,30,2700,0,0,4,0,-,62.9,0.3,2,6.79,Spain
486,155,Johan Mojica,Girona,25,22(8),2132,0,4,6,0,0.7,77.8,0.9,1,6.74,Colombia
488,159,Mateo Kovacic,Real Madrid,24,10(11),989,0,1,2,0,0.4,93.7,-,2,6.73,Croatia
490,345,Mateo Kovacic,Real Madrid,24,4(3),258,0,1,2,0,0.1,90.7,0.1,0,6.47,Croatia
492,198,Takashi Inui,Eibar,30,31(3),2640,5,2,4,0,1.9,80.4,0.4,2,6.64,Japan
494,239,Marko Dmitrovic,Eibar,26,36,3240,0,0,1,0,-,45.8,0.4,0,6.54,Serbia
496,277,Gaku Shibasaki,Getafe,26,12(10),1004,1,0,2,0,0.5,74.7,0.3,0,6.4,Japan
498,278,Nordin Amrabat,Leganes,31,17(13),1624,2,4,5,1,1.2,69.3,0.4,0,6.36,Morocco
500,16,Mario Fernandes,CSKA Moscow,27,25,2134,0,3,2,0,0.6,79.9,2.8,0,7.17,Russia
502,116,Mario Fernandes,CSKA Moscow,27,6,540,0,1,1,0,0.3,77.5,2.7,0,7.03,Russia
504,18,Andreas Granqvist,FC Krasnodar,33,29,2610,1,2,6,0,0.3,87.0,2.8,2,7.16,Sweden
506,23,Viktor Claesson,FC Krasnodar,26,28(2),2490,10,6,1,0,2.3,80.4,0.9,4,7.12,Sweden
508,31,Ilya Kutepov,Spartak Moscow,24,15(3),1444,1,0,5,0,0.2,86.0,2.1,0,7.08,Russia
510,38,Sverrir Ingi Ingason,FC Rostov,24,28,2479,3,0,4,0,0.8,76.6,1.7,4,7.03,Iceland
512,46,Saeid Ezatolahi,Amkar,21,12(3),996,1,0,4,0,1.4,67.6,3.7,1,6.99,Iran
514,58,Milad Mohammadi,FK Akhmat,24,21(2),1921,0,2,1,0,1.1,75.4,0.8,0,6.94,Iran
516,74,Roman Zobnin,Spartak Moscow,24,10(4),1006,0,1,2,0,1.4,81.8,1.1,0,6.85,Russia
518,128,Sardar Azmoun,Rubin Kazan,23,13(13),1429,5,3,4,0,1.6,66.0,2,1,6.71,Iran
520,136,Vladimir Granat,Rubin Kazan,31,26(1),2419,0,0,10,0,0.1,78.2,1.3,0,6.68,Russia
522,178,Aleksandr Samedov,Spartak Moscow,33,18(3),1468,2,1,3,1,1.3,81.5,0.4,0,6.56,Russia
524,372,Aleksandr Samedov,Spartak Moscow,33,2(2),192,1,0,0,0,0.8,85.3,-,0,6.4,Russia
526,228,Vladimir Gabulov,Arsenal Tula,34,20,1800,0,0,2,0,-,41.8,0.1,0,6.3,Russia
528,5,Cristian Pavon,Boca Juniors,22,26,2283,6,11,3,0,2.5,74.0,0.7,5,7.57,Argentina
529,9,Frank Fabra,Boca Juniors,27,22,1936,2,3,6,0,0.5,83.8,1.4,2,7.45,Colombia
530,17,Wilmar Barrios,Boca Juniors,24,23,1991,1,0,6,0,0.2,84.4,2,1,7.36,Colombia
532,21,Maximiliano Meza,Independiente,26,17(2),1539,3,4,1,0,2.5,76.5,2.1,0,7.3,Argentina
534,29,Gaston Silva,Independiente,24,11(1),1015,1,0,2,0,0.6,86.2,1.2,1,7.25,Uruguay
536,64,Franco Armani,River Plate,31,14,1260,0,0,0,0,-,62.3,0.4,0,7.11,Argentina
538,135,Nahitan Nandez,Boca Juniors,22,20(4),1887,4,0,5,0,1.1,81.4,0.8,0,6.96,Uruguay
540,327,Martin Campana,Independiente,29,23,2070,0,0,1,0,-,65.2,0.3,0,6.65,Uruguay
542,1,James Rodriguez,Bayern Munich,26,19(4),1627,7,11,2,0,1.7,90.0,0.3,5,7.63,Colombia
543,110,James Rodriguez,Bayern Munich,26,8(4),779,1,2,1,0,1.7,89.8,-,0,7.05,Colombia
545,3,Robert Lewandowski,Bayern Munich,29,24(6),2169,29,2,1,0,4.2,79.5,1.8,2,7.49,Poland
546,47,Robert Lewandowski,Bayern Munich,29,11,955,5,1,2,0,4.2,77.1,2,1,7.29,Poland
548,7,Thiago Alcantara,Bayern Munich,27,12(7),1243,2,2,3,0,1.3,91.5,1.2,2,7.36,Spain
549,33,Thiago Alcantara,Bayern Munich,27,7(3),608,3,0,2,0,0.9,91.3,0.5,2,7.37,Spain
551,8,Salif Sane,Hannover 96,27,32,2880,4,1,6,0,0.9,81.0,5.7,5,7.34,Senegal
552,11,Thomas Muller,Bayern Munich,28,22(7),1966,8,14,4,0,1.5,76.9,1.2,1,7.28,Germany
554,105,Thomas Muller,Bayern Munich,28,8(2),734,3,2,1,0,2.3,74.1,1.8,0,7.06,Germany
556,12,Mats Hummels,Bayern Munich,29,25(1),2213,1,1,3,0,1,87.3,2.8,1,7.27,Germany
558,69,Mats Hummels,Bayern Munich,29,8(1),679,1,0,1,0,2.1,84.8,3,0,7.18,Germany
560,15,Joshua Kimmich,Bayern Munich,23,26(3),2334,1,10,1,0,0.3,90.3,0.8,1,7.23,Germany
562,38,Joshua Kimmich,Bayern Munich,23,10(1),897,4,3,2,0,0.6,91.6,0.6,1,7.33,Germany
564,19,Lukasz Piszczek,Borussia Dortmund,33,24,2140,0,3,3,0,0.8,81.3,2.7,0,7.19,Poland
566,21,Jerome Boateng,Bayern Munich,29,19,1644,1,2,4,0,0.7,86.9,1.7,1,7.14,Germany
568,215,Jerome Boateng,Bayern Munich,29,8(1),677,0,1,2,0,0.2,84.5,1.3,0,6.78,Germany
570,25,Alfred Finnbogason,Augsburg,29,22,1826,12,3,2,0,2.3,71.6,0.8,3,7.11,Iceland
572,26,Thorgan Hazard,Borussia M.Gladbach,25,33(1),2947,10,5,1,0,2.6,76.3,0.9,3,7.11,Belgium
574,29,Benjamin Pavard,VfB Stuttgart,22,34,3060,1,0,2,0,0.3,83.7,3,4,7.1,France
576,37,Thomas Delaney,Werder Bremen,26,31(1),2796,3,4,5,0,1.8,71.9,3.7,3,7.06,Denmark
578,43,Leon Goretzka,Schalke 04,23,21(5),1983,4,2,3,0,1.7,79.8,1.3,1,7.03,Germany
580,47,Jonas Hector,FC Cologne,28,20,1761,2,2,4,0,0.8,81.8,2.6,1,7.0,Germany
582,56,Corentin Tolisso,Bayern Munich,23,17(9),1529,6,4,3,0,1.6,90.4,0.8,1,6.99,France
584,88,Corentin Tolisso,Bayern Munich,23,6(2),497,3,2,2,0,1.6,91.7,1.1,1,7.09,France
586,63,Julian Brandt,Bayer Leverkusen,22,26(8),2337,9,3,0,0,1.3,79.0,0.6,1,6.98,Germany
588,65,Ante Rebic,Eintracht Frankfurt,24,21(4),1764,6,2,8,0,1.8,56.9,1.4,1,6.96,Croatia
590,69,Mathew Leckie,Hertha Berlin,27,19(7),1854,5,1,3,0,0.9,70.9,3.7,3,6.96,Australia
592,79,Jannik Vestergaard,Borussia M.Gladbach,25,32,2880,3,0,5,0,0.8,85.4,3.2,1,6.93,Denmark
594,85,Matthias Ginter,Borussia M.Gladbach,24,34,3060,5,2,2,0,0.9,87.1,2.9,1,6.92,Germany
596,86,Koen Casteels,Wolfsburg,25,34,3060,0,0,1,0,-,60.7,0.6,2,6.92,Belgium
598,87,Nico Elvedi,Borussia M.Gladbach,21,33,2916,2,2,6,0,0.5,83.5,2.8,0,6.92,Switzerland
600,88,Amine Harit,Schalke 04,20,23(8),2053,3,3,3,0,0.8,84.2,0.4,2,6.92,Morocco
602,92,Niklas Sule,Bayern Munich,22,20(7),1919,2,1,1,0,0.7,92.7,1.6,1,6.9,Germany
604,317,Niklas Sule,Bayern Munich,22,6(3),644,0,0,0,0,0.7,94.1,0.9,0,6.55,Germany
606,106,Marvin Plattenhardt,Hertha Berlin,26,33,2970,0,7,6,0,0.5,81.6,1,0,6.85,Germany
608,109,Sebastian Rudy,Bayern Munich,28,16(9),1509,1,4,2,0,0.8,89.9,0.8,0,6.84,Germany
610,200,Sebastian Rudy,Bayern Munich,28,3(2),346,0,0,2,0,1,92.4,0.6,0,6.8,Germany
612,123,Shinji Kagawa,Borussia Dortmund,29,12(7),1166,5,1,0,0,1.3,87.5,0.1,0,6.81,Japan
614,237,Shinji Kagawa,Borussia Dortmund,29,5,402,0,2,0,0,2.2,88.4,0.6,0,6.73,Japan
616,130,Yann Sommer,Borussia M.Gladbach,29,30,2627,0,0,1,0,-,69.9,0.3,0,6.79,Switzerland
618,148,Yoshinori Muto,Mainz 05,25,20(7),1906,8,2,2,0,1.4,74.9,1.3,1,6.75,Japan
620,154,Ludwig Augustinsson,Werder Bremen,24,29,2535,1,0,3,0,0.8,78.1,1.5,0,6.73,Sweden
622,160,Denis Zakaria,Borussia M.Gladbach,21,29(1),2308,2,1,11,0,0.7,89.3,0.6,0,6.73,Switzerland
624,183,Filip Kostic,Hamburger SV,25,27(3),2413,5,1,2,0,2.2,64.6,1,2,6.68,Serbia
626,184,Carlos Salcedo,Eintracht Frankfurt,24,17(3),1608,0,0,5,0,0.3,80.3,2.4,0,6.68,Mexico
628,194,Milos Veljkovic,Werder Bremen,22,30,2656,1,0,2,0,0.2,77.5,2,0,6.64,Serbia
630,200,Gotoku Sakai,Hamburger SV,27,26(2),2289,0,0,2,0,0.6,75.7,1.3,0,6.63,Japan
632,207,Albin Ekdal,Hamburger SV,28,12(7),1109,0,1,3,0,0.4,76.3,1.6,0,6.61,Sweden
634,215,Makoto Hasebe,Eintracht Frankfurt,34,23(1),2090,0,0,3,1,0.1,88.5,0.6,0,6.57,Japan
636,216,Luka Jovic,Eintracht Frankfurt,20,9(13),929,8,1,2,0,1.7,73.6,1,0,6.57,Serbia
638,221,Gelson Fernandes,Eintracht Frankfurt,31,12(7),1036,0,0,4,0,0.1,81.7,0.4,0,6.56,Switzerland
640,242,Breel Embolo,Schalke 04,21,9(12),916,3,0,4,0,0.9,74.3,0.8,0,6.49,Switzerland
642,32,Willian,Palmeiras,31,6(3),550,6,0,1,0,2.9,80.0,-,2,7.27,Brazil
644,66,Willian,Chelsea,29,20(16),1883,6,7,1,0,1.5,80.2,0.3,4,7.01,Brazil
646,29,Willian,Chelsea,29,4(4),429,3,1,1,0,1.8,72.5,0.3,3,7.39,Brazil
648,39,Cassio,Corinthians,31,5,450,0,0,0,0,-,60.9,0.4,0,7.22,Brazil
650,78,Cassio,Rio Ave,37,29,2610,0,0,3,0,-,77.2,0.5,2,6.85,Brazil
652,93,Bruno Alves,Sao Paulo,27,7,586,1,0,3,0,0.3,84.1,3,0,6.99,Portugal
654,126,Marquinhos,America MG,28,3(2),256,1,1,0,0,1.2,71.2,0.4,0,6.88,Brazil
656,97,Marquinhos,Paris Saint Germain,24,25(1),2264,0,2,1,0,0.5,93.9,1.6,1,6.91,Brazil
658,127,Marquinhos,Paris Saint Germain,24,8,720,0,1,1,0,0.3,94.2,2,0,7.01,Brazil
660,280,Martin Silva,Vasco da Gama,35,5,450,0,0,0,0,-,65.0,-,0,6.22,Uruguay
662,281,Pepe,Gremio,21,0(5),93,0,0,1,0,0.4,75.6,-,0,6.21,Portugal
665,211,Pepe,Estoril,21,19(3),1662,1,1,4,0,1.3,84.5,0.1,0,6.48,Portugal
667,34,Pepe,Besiktas,35,23,2041,2,1,4,0,0.7,84.5,3.8,2,7.11,Portugal
669,54,Pepe,Besiktas,35,6,540,0,0,2,0,0.5,71.9,3.5,0,7.25,Portugal
671,3,Renato Augusto,Beijing Guoan,30,9,810,2,5,1,0,1.6,81.7,0.3,4,8.15,Brazil
672,12,Fernandinho,Chongqing Lifan,32,9,809,2,4,0,0,2.6,75.4,1.4,1,7.69,Brazil
673,18,Fernandinho,Chongqing Lifan,25,9,810,1,3,0,0,2.1,73.2,0.2,2,7.48,Brazil
676,10,Fernandinho,Manchester City,33,33(1),2885,5,3,7,0,1.4,90.1,2.8,1,7.44,Brazil
677,150,Fernandinho,Manchester City,33,8,682,0,0,2,0,1,89.9,2.6,0,6.96,Brazil
679,32,John Obi Mikel,Tianjin Teda,31,11,990,1,2,4,0,0.6,83.8,2,0,7.17,Nigeria
681,33,Yannick Carrasco,Dalian Yifang,24,11,990,3,2,2,0,3.5,81.7,0.2,1,7.16,Belgium
683,370,Yannick Carrasco,Atletico Madrid,24,3(2),269,0,0,0,0,1.8,80.5,-,0,6.4,Belgium
685,36,Odion Ighalo,Changchun Yatai,28,11,990,7,0,3,0,3.5,72.8,1,2,7.12,Nigeria
687,60,Axel Witsel,Tianjin Quanjian,29,9,805,1,0,0,0,0.6,86.8,2.4,1,6.95,Belgium
689,133,Jose Fonte,Dalian Yifang,34,7,621,0,0,0,0,0.9,81.4,2.1,0,6.58,Portugal
691,1,Neymar,Paris Saint Germain,26,20,1788,19,13,4,1,4.5,79.6,0.2,12,8.95,Brazil
692,1,Neymar,Paris Saint Germain,26,7,630,6,3,2,0,4,77.9,-,4,9.11,Brazil
693,4,Edinson Cavani,Paris Saint Germain,31,30(2),2589,28,6,3,0,3.3,80.2,0.3,2,7.69,Uruguay
694,20,Edinson Cavani,Paris Saint Germain,31,8,680,7,1,1,0,3.4,79.9,0.6,0,7.59,Uruguay
696,5,Kylian Mbappe,Paris Saint Germain,19,24(3),2097,13,8,2,0,2.9,83.1,0.3,7,7.54,France
697,10,Kylian Mbappe,Paris Saint Germain,19,8,658,4,3,1,0,3,80.7,0.3,1,7.91,France
698,13,Angel Di Maria,Paris Saint Germain,30,26(4),2122,11,6,1,0,3.2,79.4,-,3,7.37,Argentina
700,312,Angel Di Maria,Paris Saint Germain,30,1(4),143,1,1,0,0,1.4,76.2,-,0,6.55,Argentina
702,16,Naim Sliti,Dijon,25,26(5),2297,7,6,2,0,1.9,73.1,0.5,3,7.31,Tunisia
704,33,Djibril Sidibe,Monaco,25,25(2),2157,2,7,4,0,0.7,85.3,1.6,4,7.14,France
706,37,Ellyes Skhiri,Montpellier,23,35,3052,4,1,8,0,1.1,86.2,1,2,7.13,Tunisia
708,42,Kamil Glik,Monaco,30,36,3240,3,3,8,0,0.7,81.1,2.7,1,7.12,Poland
710,292,Kamil Glik,Monaco,30,6,540,1,0,0,0,0.7,73.3,3.8,0,6.61,Poland
712,45,Youssouf Sabaly,Bordeaux,25,35,3094,0,5,3,0,0.3,82.3,1.2,2,7.11,Senegal
714,48,Joao Moutinho,Monaco,31,31(2),2801,1,6,6,0,0.7,86.3,0.8,2,7.11,Portugal
716,282,Joao Moutinho,Monaco,31,5(1),467,0,1,1,0,0.5,80.7,0.5,1,6.63,Portugal
718,51,Thomas Lemar,Monaco,22,27(3),2383,2,8,1,0,1.6,84.8,0.2,1,7.1,France
720,54,Thomas Meunier,Paris Saint Germain,26,16(8),1573,4,4,3,0,0.5,84.8,1,0,7.09,Belgium
722,55,Thiago Silva,Paris Saint Germain,33,24(1),2117,1,0,5,0,0.4,96.1,1.9,0,7.08,Brazil
724,124,Thiago Silva,Paris Saint Germain,33,6,522,0,0,0,0,0.3,94.9,1.5,0,7.01,Brazil
726,61,Julian Draxler,Paris Saint Germain,24,19(11),1706,4,5,1,0,0.8,92.8,0.3,0,7.04,Germany
728,281,Julian Draxler,Paris Saint Germain,24,3(5),316,0,1,1,0,0.5,91.7,0.4,0,6.64,Germany
730,68,Wahbi Khazri,Rennes,27,23(1),1927,9,2,7,1,2.7,77.6,0.7,3,7.0,Tunisia
732,87,Lukas Lerager,Bordeaux,24,37,3286,3,1,8,0,1.1,77.1,2.7,0,6.94,Denmark
734,92,Ismaila Sarr,Rennes,20,22(2),1866,5,3,2,0,1.7,79.7,0.5,0,6.92,Senegal
736,106,Alphonse Areola,Paris Saint Germain,25,34,3060,0,0,0,0,-,91.1,0.2,2,6.88,France
738,61,Alphonse Areola,Paris Saint Germain,25,8,720,0,0,0,0,-,79.4,0.4,0,7.22,France
740,120,Presnel Kimpembe,Paris Saint Germain,22,27(1),2425,0,0,6,2,0.4,95.3,1.1,0,6.84,France
742,123,Youri Tielemans,Monaco,21,18(9),1567,0,1,1,0,0.9,81.8,1,0,6.84,Belgium
744,207,Youri Tielemans,Monaco,21,4,311,1,0,1,0,1.3,76.1,1.8,0,6.79,Belgium
746,181,Youssef Ait Bennasser,Caen,21,25(2),2054,0,0,4,0,0.9,83.2,0.9,0,6.72,Morocco
748,188,Chidozie Awaziem,Nantes,21,16(6),1510,1,1,2,1,0.6,76.5,1.4,1,6.7,Nigeria
750,198,Karl-Johan Johnsson,Guingamp,28,38,3420,0,0,0,0,-,58.6,0.4,1,6.68,Sweden
752,209,Moussa Konate,Amiens,25,28(5),2482,13,1,8,0,2.1,67.7,2.3,2,6.64,Senegal
754,216,Jimmy Durmaz,Toulouse,29,12(8),1032,3,3,5,0,0.7,72.9,0.5,1,6.61,Sweden
756,217,Eiji Kawashima,Metz,35,29,2570,0,0,0,1,-,49.3,-,0,6.61,Japan
758,233,Danijel Subasic,Monaco,33,34,2941,0,0,3,0,-,63.7,0.3,0,6.57,Croatia
760,252,Oussama Haddadi,Dijon,26,27(6),2501,1,1,6,1,0.2,78.0,0.5,0,6.5,Tunisia
762,293,Ola Toivonen,Toulouse,31,8(15),796,0,0,2,0,0.8,71.5,1.9,0,6.27,Sweden
765,2,Carlos Vela,Los Angeles FC,29,12,1080,7,2,1,0,3.9,83.4,0.3,4,7.82,Mexico
766,59,Gustav Svensson,Seattle Sounders FC,31,9,810,1,0,1,0,0.8,85.5,1.9,0,7.11,Sweden
768,137,Jonathan dos Santos,LA Galaxy,28,7(1),622,1,0,2,0,0.6,88.0,0.1,0,6.88,Mexico
770,164,Kendall Waston,Vancouver Whitecaps,30,13,1093,1,1,4,1,1.4,77.7,2.8,1,6.79,Costa Rica
772,169,Francisco Calvo,Minnesota United,25,12,1080,0,0,4,0,0.8,83.1,2.6,0,6.78,Costa Rica
774,263,Rodney Wallace,New York City FC,29,4(4),419,0,1,1,0,1.1,78.6,0.8,0,6.46,Costa Rica
776,267,Ronald Matarrita,New York City FC,23,4(5),341,1,0,1,0,0.7,81.6,0.1,0,6.43,Costa Rica
778,103,Takashi Usami,Fortuna Duesseldorf,26,14(14),1389,8,3,0,0,1.3,78.4,0.3,2,6.89,Japan
780,106,Robbie Kruse,Bochum,29,29(1),2558,7,5,3,0,1.4,77.1,0.6,3,6.89,Australia
782,164,Aziz Bouhaddouz,St. Pauli,31,19(7),1798,4,1,4,1,2.4,60.7,5,1,6.73,Morocco
784,1,Sergio Aguero,Manchester City,30,22(3),1969,21,6,2,0,3.8,82.8,0.4,4,7.81,Argentina
785,109,Sergio Aguero,Manchester City,30,5(2),440,4,1,0,0,3.4,77.2,0.3,0,7.05,Argentina
787,2,Kevin De Bruyne,Manchester City,26,36(1),3085,8,16,2,0,2.5,83.4,0.4,8,7.8,Belgium
788,18,Kevin De Bruyne,Manchester City,26,8,667,1,4,4,0,2.1,82.8,0.8,2,7.66,Belgium
790,3,Mohamed Salah,Liverpool,25,34(2),2922,32,10,1,0,4,76.7,0.4,8,7.69,Egypt
791,8,Mohamed Salah,Liverpool,25,12(1),931,10,4,0,0,3.3,74.7,0.2,1,7.97,Egypt
792,4,Eden Hazard,Chelsea,27,28(6),2433,12,4,2,0,2.1,83.6,0.2,9,7.69,Belgium
793,14,Eden Hazard,Chelsea,27,7(1),611,3,3,0,0,2.8,77.6,0.5,2,7.72,Belgium
795,5,Harry Kane,Tottenham,24,35(2),3083,30,2,5,0,5,71.2,1.6,9,7.6,England
796,2,Harry Kane,Tottenham,24,7,597,7,2,0,0,4.6,78.6,1.6,2,8.34,England
797,6,David Silva,Manchester City,32,28(1),2437,9,11,5,0,1.9,88.9,0.6,4,7.58,Spain
798,228,David Silva,Manchester City,32,5(2),426,0,2,0,0,0.1,87.0,0.3,0,6.76,Spain
800,7,Raheem Sterling,Manchester City,23,29(4),2593,18,11,3,1,2.6,84.0,0.2,4,7.55,England
801,28,Raheem Sterling,Manchester City,23,5(3),497,4,1,1,0,1.3,80.6,0.3,3,7.4,England
803,9,Paul Pogba,Manchester United,25,25(2),2151,6,10,5,1,2.8,85.3,1.9,4,7.48,France
804,187,Paul Pogba,Manchester United,25,3(2),279,0,1,0,0,1,86.0,0.6,0,6.83,France
806,11,Christian Eriksen,Tottenham,26,37,3226,10,10,0,0,2.6,82.4,0.5,4,7.4,Denmark
808,95,Christian Eriksen,Tottenham,26,6,535,2,1,0,0,3.3,83.1,0.5,0,7.08,Denmark
810,12,Roberto Firmino,Liverpool,26,32(5),2778,15,7,1,0,2.3,72.6,1.2,3,7.39,Brazil
812,7,Roberto Firmino,Liverpool,26,13,1056,10,7,2,0,3.2,74.6,2.4,1,7.98,Brazil
813,17,Romelu Lukaku,Manchester United,25,33(1),2869,16,7,4,0,2.5,68.4,3.2,2,7.29,Belgium
815,16,Romelu Lukaku,Manchester United,25,8,704,5,0,0,0,3.3,70.3,4.5,2,7.7,Belgium
817,20,Sadio Mane,Liverpool,26,28(1),2207,10,7,3,1,2.4,80.4,0.9,1,7.27,Senegal
819,5,Sadio Mane,Liverpool,26,11,940,10,1,2,0,2.8,77.2,1.5,4,8.12,Senegal
820,22,Jan Vertonghen,Tottenham,31,36,3205,0,0,4,0,0.7,86.3,3.3,3,7.26,Belgium
822,231,Jan Vertonghen,Tottenham,31,6,540,0,1,1,1,0.3,86.5,2,0,6.75,Belgium
824,24,N'Golo Kante,Chelsea,27,34,2998,1,1,3,0,0.7,89.3,0.5,1,7.25,France
826,68,N'Golo Kante,Chelsea,27,6,498,0,0,0,0,0.5,90.4,0.5,0,7.19,France
828,27,Phil Jones,Manchester United,26,23,1975,0,0,2,0,0.1,91.2,2.5,2,7.21,England
830,28,Nemanja Matic,Manchester United,29,35(1),3119,1,1,6,0,0.5,87.7,1.6,0,7.2,Serbia
832,45,Nemanja Matic,Manchester United,29,6(1),564,0,0,0,0,0.4,89.2,1.4,1,7.29,Serbia
834,29,Cesar Azpilicueta,Chelsea,28,37,3330,2,6,1,0,0.4,86.7,2.2,1,7.18,Spain
836,232,Cesar Azpilicueta,Chelsea,28,8,705,1,0,0,0,0.1,88.2,0.8,0,6.75,Spain
838,31,Fabian Delph,Manchester City,28,21(1),1746,1,2,2,0,0.5,93.0,1,1,7.16,England
840,114,Fabian Delph,Manchester City,28,4(1),383,0,0,0,0,0.2,92.7,0.6,0,7.04,England
842,32,Wilfred Ndidi,Leicester,21,33,2899,0,3,6,2,1.2,76.1,3.5,2,7.14,Nigeria
844,33,Nicolas Otamendi,Manchester City,30,33(1),2968,4,0,9,0,0.9,91.9,2.3,5,7.13,Argentina
846,49,Nicolas Otamendi,Manchester City,30,8,720,1,0,2,0,0.6,92.6,3.3,0,7.28,Argentina
848,38,Ashley Young,Manchester United,32,28(2),2448,2,4,7,0,0.6,79.5,0.6,4,7.12,England
850,51,Ashley Young,Manchester United,32,4,337,0,1,1,0,0.5,83.9,0.5,0,7.27,England
852,44,Dele Alli,Tottenham,22,34(2),2972,9,10,7,0,1.9,77.2,0.8,1,7.09,England
854,13,Dele Alli,Tottenham,22,5,427,2,4,1,0,1.6,80.7,0.6,1,7.73,England
856,47,Ruben Loftus-Cheek,Crystal Palace,22,21(3),1875,2,3,1,0,1.3,82.4,1.3,1,7.08,England
858,49,Harry Maguire,Leicester,25,38,3420,2,4,7,0,0.8,78.4,3.1,1,7.08,England
860,53,Kyle Walker,Manchester City,28,32,2787,0,6,2,1,0.4,87.8,2.2,0,7.05,England
862,84,Kyle Walker,Manchester City,28,7,630,0,1,1,0,0.3,87.7,2.1,0,7.1,England
864,54,Gabriel Jesus,Manchester City,21,19(10),1673,13,3,6,0,1.9,79.7,0.7,1,7.05,Brazil
866,195,Gabriel Jesus,Manchester City,21,7(2),618,4,0,2,0,1.2,78.0,0.6,0,6.81,Brazil
868,55,Manuel Lanzini,West Ham,25,23(4),2049,5,6,4,0,1.6,87.6,0.1,2,7.04,Argentina
870,57,Kieran Trippier,Tottenham,27,21(3),1914,0,5,1,0,0.3,81.4,1.5,0,7.04,England
872,60,Johann Berg Gudmundsson,Burnley,27,32(3),2840,2,8,2,0,1.5,73.7,1.2,0,7.02,Iceland
874,63,Trent Alexander-Arnold,Liverpool,19,18(1),1576,1,1,3,0,0.6,77.3,0.3,0,7.02,England
876,102,Trent Alexander-Arnold,Liverpool,19,9(1),821,1,1,2,0,0.8,77.0,0.2,0,7.07,England
878,64,Luka Milivojevic,Crystal Palace,27,35(1),3082,10,1,8,0,1.2,80.2,1.4,1,7.01,Serbia
880,68,Dejan Lovren,Liverpool,28,24(5),2125,2,1,4,0,0.5,88.5,3.6,2,6.99,Croatia
882,132,Dejan Lovren,Liverpool,28,12,1050,0,1,2,0,0.5,84.1,3.1,0,7.0,Croatia
884,70,Ahmed Hegazi,West Bromwich Albion,27,38,3387,2,0,4,0,0.4,73.2,2.7,3,6.98,Egypt
886,71,Jamie Vardy,Leicester,31,37,3258,20,1,3,0,1.9,60.5,2.1,0,6.98,England
888,75,Eric Dier,Tottenham,24,32(2),2827,0,2,4,0,0.9,86.3,2.4,0,6.96,England
890,179,Eric Dier,Tottenham,24,7,614,0,1,1,0,0.4,80.9,1.6,0,6.86,England
892,77,Jordan Henderson,Liverpool,27,25(2),2173,1,1,1,0,0.6,84.4,1,0,6.95,England
894,177,Jordan Henderson,Liverpool,27,9(1),868,0,0,3,0,0.2,82.7,0.8,0,6.86,England
896,78,Davinson Sanchez,Tottenham,21,29(2),2535,0,0,1,1,0.3,89.4,2.4,0,6.94,Colombia
898,236,Davinson Sanchez,Tottenham,21,8,720,0,0,0,0,0.4,89.7,1.3,0,6.74,Colombia
900,83,Nick Pope,Burnley,26,34(1),3114,0,0,3,0,-,39.0,0.3,0,6.93,England
902,87,Antonio Rudiger,Chelsea,25,25(2),2336,2,1,4,0,0.6,89.5,2.2,1,6.92,Germany
904,398,Antonio Rudiger,Chelsea,25,4(2),389,0,0,1,0,0.7,89.4,1.3,0,6.32,Germany
906,93,Victor Moses,Chelsea,27,25(3),2119,3,3,3,0,1.3,76.6,1,1,6.9,Nigeria
908,272,Victor Moses,Chelsea,27,4,337,0,0,0,0,0.8,75.7,0.5,0,6.65,Nigeria
910,94,Mousa Dembele,Tottenham,30,21(7),1886,0,0,6,0,0.4,92.2,0.3,0,6.9,Belgium
912,268,Mousa Dembele,Tottenham,30,3(3),328,0,0,2,0,-,92.7,0.2,0,6.66,Belgium
914,97,Lukasz Fabianski,Swansea,33,38,3420,0,0,0,0,-,53.4,0.4,3,6.89,Poland
916,110,Xherdan Shaqiri,Stoke,26,36,3049,8,7,5,0,1.9,79.5,0.1,2,6.87,Switzerland
918,113,Gary Cahill,Chelsea,32,24(3),2084,0,0,1,1,0.4,89.0,3.4,0,6.87,England
920,319,Gary Cahill,Chelsea,32,5(1),448,0,0,1,0,0.7,92.2,1.7,0,6.54,England
922,114,Aaron Mooy,Huddersfield,27,34(2),3071,4,3,5,0,0.8,79.5,0.9,0,6.86,Australia
924,115,Maya Yoshida,Southampton,29,23(1),2051,2,0,2,1,0.8,84.2,2.8,0,6.86,Japan
926,127,Jesse Lingard,Manchester United,25,20(13),1823,8,5,2,0,1.7,87.8,0.2,1,6.82,England
928,426,Jesse Lingard,Manchester United,25,3(3),246,0,0,2,0,0.7,91.6,0.3,0,6.23,England
930,136,Cheikhou Kouyate,West Ham,28,32(1),2803,2,3,5,0,0.7,76.0,3.7,2,6.8,Senegal
932,138,Andreas Christensen,Chelsea,22,23(4),2071,0,0,0,0,0.4,93.4,2.1,0,6.8,Denmark
934,354,Andreas Christensen,Chelsea,22,5(1),454,0,0,0,0,0.3,94.7,1,0,6.45,Denmark
936,148,Bernardo Silva,Manchester City,23,15(20),1520,6,4,0,0,0.7,87.0,0.1,1,6.79,Portugal
938,67,Bernardo Silva,Manchester City,23,6(3),563,1,2,1,0,1.1,85.7,0.3,0,7.2,Portugal
940,150,Dusan Tadic,Southampton,29,34(2),2813,6,3,4,0,1.1,74.8,0.2,2,6.78,Serbia
942,158,Jack Butland,Stoke,25,35,3150,0,0,0,0,-,46.1,0.2,2,6.76,England
944,162,Mame Biram Diouf,Stoke,30,30(5),2602,6,2,6,0,1.7,57.3,4.1,2,6.76,Senegal
946,164,Marcus Rashford,Manchester United,20,17(18),1810,7,5,3,0,1.7,78.3,0.5,1,6.76,England
948,153,Marcus Rashford,Manchester United,20,3(5),345,3,1,1,0,2.4,75.4,0.4,1,6.94,England
950,171,Hugo Lloris,Tottenham,31,36,3240,0,0,1,0,-,75.2,0.3,1,6.74,France
952,100,Hugo Lloris,Tottenham,31,7,630,0,0,0,0,-,60.2,0.4,0,7.07,France
954,177,Mat Ryan,Brighton,26,38,3420,0,0,0,0,-,48.0,0.3,1,6.74,Australia
956,180,Ilkay Gundogan,Manchester City,27,15(15),1510,4,1,3,0,1.2,91.7,0.1,0,6.73,Germany
958,103,Ilkay Gundogan,Manchester City,27,6(3),503,2,2,2,0,1.4,90.9,0.1,1,7.07,Germany
960,194,Ederson,Manchester City,24,37,3197,0,0,1,0,-,85.3,0.3,1,6.68,Brazil
962,210,Ederson,Manchester City,24,9,810,0,0,1,0,-,86.0,0.1,0,6.79,Brazil
964,210,Jordan Pickford,Everton,24,38,3420,0,0,0,0,-,44.5,0.5,0,6.63,England
966,211,Thibaut Courtois,Chelsea,26,35,3150,0,0,2,0,-,70.4,0.1,0,6.63,Belgium
968,348,Thibaut Courtois,Chelsea,26,8,720,0,1,0,0,-,62.7,-,0,6.46,Belgium
970,212,Jose Izquierdo,Brighton,25,23(9),1989,5,3,2,0,1.6,78.4,0.5,0,6.62,Colombia
972,213,Grzegorz Krychowiak,West Bromwich Albion,28,20(7),1643,0,2,2,0,0.6,78.4,1,0,6.62,Poland
974,214,Andre Carrillo,Watford,26,16(12),1537,1,2,2,0,0.9,76.6,0.5,1,6.62,Peru
976,220,Kasper Schmeichel,Leicester,31,33,2966,0,0,3,0,-,49.6,0.4,3,6.61,Denmark
978,230,Shinji Okazaki,Leicester,32,17(10),1330,6,2,2,0,1,73.3,1.1,1,6.58,Japan
980,233,Cedric Soares,Southampton,26,32,2797,0,3,3,0,0.7,73.3,1,0,6.57,Portugal
982,238,Jonas Lossl,Huddersfield,29,38,3420,0,1,1,0,-,56.4,0.4,1,6.57,Denmark
984,261,Simon Mignolet,Liverpool,30,19,1710,0,0,3,0,-,69.5,0.2,0,6.49,Belgium
986,263,Kelechi Iheanacho,Leicester,21,7(14),827,3,3,2,0,1.4,79.3,0.3,0,6.48,Nigeria
988,267,Ramadan Sobhi,Stoke,21,12(12),1234,2,0,2,0,0.5,77.0,0.5,0,6.46,Egypt
990,281,Martin Olsson,Swansea,30,36,3154,0,1,7,0,0.5,73.5,1.3,0,6.32,Sweden
993,6,Ricardo Pereira,FC Porto,24,26(1),2271,2,4,3,0,0.7,80.3,1,3,7.59,Portugal
994,145,Ricardo Pereira,FC Porto,24,6(1),552,0,2,1,0,0.3,76.9,0.6,0,6.96,Portugal
996,8,Hector Herrera,FC Porto,28,26(3),2335,3,4,7,0,1.3,84.7,2.2,1,7.5,Mexico
997,90,Hector Herrera,FC Porto,28,6,531,1,1,1,0,1.2,82.9,1.8,0,7.09,Mexico
999,27,Andrija Zivkovic,Benfica,21,17(4),1543,3,4,4,1,1.4,82.2,0.2,3,7.22,Serbia
1001,261,Andrija Zivkovic,Benfica,21,3(2),292,0,1,1,0,1.4,82.9,0.2,1,6.67,Serbia
1003,57,Ruben Dias,Benfica,21,24,2151,3,0,4,0,0.4,85.2,1.9,0,6.95,Portugal
1005,109,Oghenekaro Etebo,Feirense,22,18,1620,4,1,5,0,2,77.0,0.7,0,6.78,Nigeria
1007,177,Raul Jimenez,Benfica,27,6(27),970,6,6,3,0,1.5,68.7,1.5,1,6.59,Mexico
1009,357,Raul Jimenez,Benfica,27,3(2),308,0,0,0,0,1.8,67.3,2.8,0,6.44,Mexico
1011,187,Haris Seferovic,Benfica,26,9(11),832,4,2,1,0,1.5,72.5,0.5,0,6.54,Switzerland
1013,405,Haris Seferovic,Benfica,26,2(2),219,1,0,1,0,2,74.0,1,0,6.31,Switzerland
1015,2,Trezeguet,Kasimpasa,23,31,2652,13,6,4,1,2.1,76.7,0.6,8,7.53,Egypt
1016,7,Younes Belhanda,Galatasaray,28,28(2),2445,3,8,4,2,1.3,80.2,0.6,2,7.39,Morocco
1017,30,Nabil Dirar,Fenerbahce,32,27(2),2278,4,8,4,0,1,79.1,1.3,1,7.13,Morocco
1019,49,Khalid Boutaib,Yeni Malatyaspor,31,31(1),2713,12,3,7,0,1.9,67.4,4.3,4,7.05,Morocco
1021,53,Kenneth Omeruo,Kasimpasa,24,26(2),2407,1,0,4,0,0.5,81.2,2.2,0,7.02,Nigeria
1023,71,Dusko Tosic,Besiktas,33,25,2174,5,1,7,3,0.5,83.0,2.5,2,6.94,Serbia
1025,135,Dusko Tosic,Besiktas,33,6(1),508,0,0,2,0,0.3,71.4,1.6,0,6.99,Serbia
1027,80,Beto,Goztepe,36,30,2656,0,0,5,0,-,66.1,0.3,3,6.91,Portugal
1029,94,Lamine Gassama,Alanyaspor,28,31,2675,0,0,8,0,0.1,77.9,1,1,6.86,Senegal
1031,132,Aziz Behich,Bursaspor,27,31,2788,5,2,7,0,0.6,77.2,0.3,1,6.77,Australia
1033,133,Johan Djourou,Antalyaspor,31,17(1),1515,1,0,3,0,0.2,88.7,1.9,0,6.77,Switzerland
1035,138,Syam Ben Youssef,Kasimpasa,29,24(2),2146,1,0,7,0,0.3,84.6,2,1,6.75,Tunisia
1037,155,Ogenyi Onazi,Trabzonspor,25,17(4),1305,2,1,5,0,0.5,82.3,0.6,0,6.7,Nigeria
1039,164,Fernando Muslera,Galatasaray,31,33,2970,0,0,6,0,-,68.0,0.6,1,6.67,Uruguay
1041,165,William Troost-Ekong,Bursaspor,24,26(1),2286,2,0,0,1,0.7,81.5,2.1,0,6.67,Nigeria
1043,249,Olafur Ingi Skulason,Karabukspor,35,12(4),1128,1,0,4,0,0.3,83.5,1.1,0,6.28,Iceland
1045,11,John Stones,Manchester City,24,5,450,3,0,0,0,0.8,95.5,2,1,7.87,England
1047,32,Mario Mandzukic,Juventus,32,5(1),457,4,0,2,0,2.5,67.1,2.8,2,7.37,Croatia
1049,57,Mario Mandzukic,Juventus,32,27(5),2327,5,3,3,1,1.6,75.8,2.5,1,7.01,Croatia
1051,40,Aleksandar Kolarov,Roma,32,12,1080,1,3,1,0,1.3,80.3,1.5,0,7.32,Serbia
1053,4,Aleksandar Kolarov,Roma,32,34(1),3061,2,8,3,0,1.8,81.2,1.5,6,7.52,Serbia
1054,55,Fred,Shakhtar Donetsk,25,8,720,1,1,2,0,1.6,85.9,0.1,2,7.25,Brazil
1056,56,Gonzalo Higuain,Juventus,30,9(1),831,5,1,1,0,2.4,78.5,0.5,2,7.24,Argentina
1058,19,Gonzalo Higuain,Juventus,30,32(3),2818,16,6,4,0,2.9,80.4,0.3,5,7.25,Argentina
1060,59,Michael Lang,FC Basel 1893,27,8,720,3,1,1,0,1,68.8,0.9,1,7.23,Switzerland
1062,64,Manuel Akanji,FC Basel 1893,22,6,540,0,1,2,0,0.2,81.1,2.5,1,7.2,Switzerland
1064,65,Dries Mertens,Napoli,31,5(1),481,2,3,3,0,2.8,69.6,0.3,2,7.2,Belgium
1066,25,Dries Mertens,Napoli,31,35(3),3013,18,6,4,0,3.4,75.5,0.1,7,7.21,Belgium
1068,98,Federico Fazio,Roma,31,10(1),922,0,1,2,0,0.5,85.5,2.9,0,7.07,Argentina
1070,18,Federico Fazio,Roma,31,32(2),2920,2,0,6,0,0.5,84.4,4.4,5,7.26,Argentina
1072,134,Toby Alderweireld,Tottenham,29,4,294,0,1,0,0,0.5,81.3,1.3,0,7.0,Belgium
1074,138,Victor Lindelof,Manchester United,23,5,450,0,0,0,0,-,90.3,1.2,0,6.98,Sweden
1076,154,Douglas Costa,Juventus,27,8(2),719,0,1,1,0,0.6,80.0,0.2,0,6.94,Brazil
1078,7,Douglas Costa,Juventus,27,18(13),1793,4,12,1,0,1.2,84.0,0.2,4,7.45,Brazil
1079,155,Taison,Shakhtar Donetsk,30,8,720,1,0,2,0,2.1,84.8,0.4,0,6.94,Brazil
1081,180,Alisson,Roma,25,12,1080,0,0,0,0,-,80.4,0.3,0,6.86,Brazil
1083,62,Alisson,Roma,25,37,3330,0,0,1,0,-,78.9,0.2,1,6.99,Brazil
1085,181,Paulo Dybala,Juventus,24,8,661,1,0,0,1,4.1,87.7,0.1,0,6.86,Argentina
1087,1,Paulo Dybala,Juventus,24,26(7),2358,22,5,0,0,3.5,87.3,0.2,8,7.77,Argentina
1088,198,Piotr Zielinski,Napoli,24,4(1),353,2,0,0,0,1,83.9,0.4,0,6.81,Poland
1090,155,Piotr Zielinski,Napoli,24,14(22),1659,4,2,3,0,1.1,88.0,0.2,0,6.75,Poland
1092,240,Sami Khedira,Juventus,31,8,633,0,3,0,0,0.6,86.7,1,0,6.73,Germany
1094,85,Sami Khedira,Juventus,31,24(2),1922,9,2,1,0,1.2,87.2,0.7,1,6.91,Germany
1096,241,Mikael Lustig,Celtic,31,6,463,0,0,0,0,0.3,86.1,1.8,1,6.72,Sweden
1098,275,Dedryck Boyata,Celtic,27,5,450,0,0,0,0,-,91.4,1.4,0,6.65,Belgium
1100,313,Uros Spajic,Anderlecht,25,5,363,0,0,1,0,0.2,84.4,1.2,0,6.55,Serbia
1102,326,Rodrigo Bentancur,Juventus,20,3(2),291,0,0,3,0,0.8,91.0,0.8,0,6.51,Uruguay
1104,262,Rodrigo Bentancur,Juventus,20,5(15),568,0,0,0,0,0.3,88.2,0.6,0,6.41,Uruguay
1106,338,Blaise Matuidi,Juventus,31,5(4),494,1,0,0,0,0.4,87.9,0.9,0,6.48,France
1108,129,Blaise Matuidi,Juventus,31,27(5),2355,3,1,3,0,0.8,91.6,1,0,6.8,France
1110,361,Renato Tapia,Feyenoord,22,4,330,0,0,0,0,-,85.9,-,0,6.43,Peru
1112,367,Diego Reyes,FC Porto,25,2(4),234,0,0,0,0,-,89.1,1,0,6.41,Mexico
1114,392,Lukasz Teodorczyk,Anderlecht,27,4(2),389,0,1,1,0,2,65.8,4,0,6.34,Poland
1116,446,Leander Dendoncker,Anderlecht,23,6,540,0,0,1,0,0.5,89.6,0.8,0,6.1,Belgium
1118,14,Ivan Perisic,Inter,29,37,3316,11,9,4,0,3.1,75.4,1.8,5,7.35,Croatia
1120,24,Adem Ljajic,Torino,26,23(4),2155,6,10,2,0,2.3,82.1,-,4,7.21,Serbia
1122,27,Marcelo Brozovic,Inter,25,21(10),1924,4,9,9,0,1.5,87.9,0.7,3,7.2,Croatia
1124,29,Lucas Torreira,Sampdoria,22,36,3185,4,1,6,0,0.9,87.2,0.6,3,7.17,Uruguay
1126,35,Milan Badelj,Fiorentina,29,27,2355,2,1,8,1,1.2,83.2,0.9,1,7.12,Croatia
1128,81,Cristian Ansaldi,Torino,31,20(5),1868,1,3,5,1,0.7,74.4,0.2,1,6.92,Argentina
1130,91,Miranda,Inter,33,31,2729,0,0,8,0,0.3,87.6,1.9,0,6.89,Brazil
1132,92,Joel Obi,Torino,27,16(6),1201,5,2,3,0,0.7,81.7,1,1,6.89,Nigeria
1134,94,Mario Rui,Napoli,27,24(1),2088,2,4,8,1,0.3,87.8,0.7,1,6.88,Portugal
1136,111,Matias Vecino,Inter,26,25(4),2137,3,2,7,1,1.4,88.3,1.1,0,6.83,Uruguay
1138,140,Valon Behrami,Udinese,33,18(2),1407,1,1,5,0,0.5,82.3,0.9,0,6.77,Switzerland
1140,142,Diego Laxalt,Genoa,25,32,2810,3,3,2,0,1,72.0,0.6,0,6.77,Uruguay
1142,166,Karol Linetty,Sampdoria,23,21(8),2133,3,2,8,0,0.9,81.0,0.4,0,6.71,Poland
1144,172,Filip Helander,Bologna,25,27(2),2499,0,0,5,0,0.1,81.4,2.1,0,6.7,Sweden
1146,177,Alfred Gomis,SPAL 2013,24,25(1),2260,0,0,0,0,-,51.8,0.2,1,6.69,Senegal
1148,179,Bartosz Bereszynski,Sampdoria,25,28(3),2484,0,1,5,0,0.2,81.1,0.8,1,6.69,Poland
1150,200,Giancarlo Gonzalez,Bologna,30,22,1858,0,0,4,2,-,80.6,2.4,0,6.63,Costa Rica
1152,217,Stephan Lichtsteiner,Juventus,34,21(6),1715,0,2,6,0,0.1,82.2,0.9,0,6.59,Switzerland
1154,235,Dawid Kownacki,Sampdoria,21,6(16),811,5,1,0,0,1,75.4,1.4,0,6.51,Poland
1156,265,Emil Hallfredsson,Udinese,33,8(11),761,0,0,5,0,0.1,88.5,0.6,0,6.39,Iceland
1158,269,Marcus Rohden,Crotone,27,20(6),1637,2,0,2,0,0.8,67.6,0.8,0,6.35,Sweden
